sku,productName,hasProductName,hasCategory,hasSupplementFacts,hasPricing,hasInventory,hasCoa,hasLabelTemplate,hasMockup,missingFieldCount,missingFields,sourceNotes
ROC010,Pump Non-Stim Pre-Workout Cherry Blast 312g w/ Natural Flavor,true,false,false,true,true,false,false,false,7,category|coaUrl|estimatedProfit|labelTemplateUrl|mockupUrl|msrp|supplementFactsText,
ROC011,Non-Stim Pump Pre-Workout: Pineapple 312.5g w/ Natural Flavor,true,false,false,true,true,false,false,false,7,category|coaUrl|estimatedProfit|labelTemplateUrl|mockupUrl|msrp|supplementFactsText,
ROC012,Pump Pre-Workout Citrus Blast 312g w/ Natural Flavor,true,false,false,true,true,false,false,false,7,category|coaUrl|estimatedProfit|labelTemplateUrl|mockupUrl|msrp|supplementFactsText,
ROC013,Pre-Workout Blast-Off 312g w/ Natural Flavor,true,false,false,true,true,false,false,false,7,category|coaUrl|estimatedProfit|labelTemplateUrl|mockupUrl|msrp|supplementFactsText,
ROC014,BCAA + EAA Strawberry Candy 300g w/Natural Flavor,true,false,false,true,true,false,false,false,7,category|coaUrl|estimatedProfit|labelTemplateUrl|mockupUrl|msrp|supplementFactsText,
ROC015,All-In/One Greens & Red SuperFood + Immune 270g Mixed Berry w/Natural Flavor,true,false,false,true,true,false,false,false,7,category|coaUrl|estimatedProfit|labelTemplateUrl|mockupUrl|msrp|supplementFactsText,
ROC016,Recovery Carb + Electrolytes: Lemon Lime 1365g,true,false,false,true,true,false,false,false,7,category|coaUrl|estimatedProfit|labelTemplateUrl|mockupUrl|msrp|supplementFactsText,
ROC017,Recovery Carb + Electrolyte Summer Punch 1365g,true,false,false,true,true,false,false,false,7,category|coaUrl|estimatedProfit|labelTemplateUrl|mockupUrl|msrp|supplementFactsText,
ROC018,Pump Pre-Workout Georgia Peach Rings 312g,true,false,false,true,true,false,false,false,7,category|coaUrl|estimatedProfit|labelTemplateUrl|mockupUrl|msrp|supplementFactsText,
ROC100,,false,false,false,false,true,false,false,false,10,category|coaUrl|estimatedProfit|labelTemplateUrl|membershipTierCosts|mockupUrl|msrp|productName|supplementFactsText|wholesaleCost,
ROC102,African Mango “Ultra Burn” Drops,true,false,false,false,false,false,false,false,11,category|coaUrl|estimatedProfit|inventoryStatus|labelTemplateUrl|membershipTierCosts|mockupUrl|msrp|rawInventoryValue|supplementFactsText|wholesaleCost,
ROC105,Best Sellers Blend,true,false,false,true,true,false,false,false,7,category|coaUrl|estimatedProfit|labelTemplateUrl|mockupUrl|msrp|supplementFactsText,
ROC107M,BCAA Grape 325g – 50 servings,true,false,false,true,true,false,false,false,7,category|coaUrl|estimatedProfit|labelTemplateUrl|mockupUrl|msrp|supplementFactsText,
ROC110M,BCAA Lemon Lime 325g – 50 servings,true,false,false,true,true,false,false,false,7,category|coaUrl|estimatedProfit|labelTemplateUrl|mockupUrl|msrp|supplementFactsText,
ROC1120,6lb Bulk Up! Mass Gainer Chocolate Milkshake w/Low Sugar,true,false,false,true,true,false,false,false,7,category|coaUrl|estimatedProfit|labelTemplateUrl|mockupUrl|msrp|supplementFactsText,
ROC1125,6lb Bulk Up! Mass Gainer Vanilla Milkshake w/Low Sugar,true,false,false,true,true,false,false,false,7,category|coaUrl|estimatedProfit|labelTemplateUrl|mockupUrl|msrp|supplementFactsText,
ROC1205,2.9lb Essential Meal Replacement Protein Chocolate Milkshake w/0% Added Sugar,true,false,false,true,true,false,false,false,7,category|coaUrl|estimatedProfit|labelTemplateUrl|mockupUrl|msrp|supplementFactsText,
ROC121,Green Coffee Bean w/GCA - 800mg,true,false,false,true,true,false,false,false,7,category|coaUrl|estimatedProfit|labelTemplateUrl|mockupUrl|msrp|supplementFactsText,
ROC1215,2.9lb Essential Meal Replacement Protein Vanilla Milkshake w/0% Added Sugar,true,false,false,true,true,false,false,false,7,category|coaUrl|estimatedProfit|labelTemplateUrl|mockupUrl|msrp|supplementFactsText,
ROC123,Oxy Burn,true,false,false,true,true,false,false,false,7,category|coaUrl|estimatedProfit|labelTemplateUrl|mockupUrl|msrp|supplementFactsText,
ROC126,Raspberry Ketone Ultra Blend,true,false,false,true,true,false,false,false,7,category|coaUrl|estimatedProfit|labelTemplateUrl|mockupUrl|msrp|supplementFactsText,
ROC210N,2lb Whey Natural Salted Caramel – 28 serv.,true,false,false,true,true,false,false,false,7,category|coaUrl|estimatedProfit|labelTemplateUrl|mockupUrl|msrp|supplementFactsText,
ROC220,5lb Whey Protein Chocolate – 70 servings,true,false,false,true,true,false,false,false,7,category|coaUrl|estimatedProfit|labelTemplateUrl|mockupUrl|msrp|supplementFactsText,
ROC2201N,2lb Whey Armor Natural Protein Chocolate w/Stevia & Natural Flavor Non-GMO,true,false,false,true,true,false,false,false,7,category|coaUrl|estimatedProfit|labelTemplateUrl|mockupUrl|msrp|supplementFactsText,
ROC223,Biotin +E,true,false,false,true,true,false,false,false,7,category|coaUrl|estimatedProfit|labelTemplateUrl|mockupUrl|msrp|supplementFactsText,
ROC2232,2lb Whey Cookies and Cream – 28 servings,true,false,false,true,true,false,false,false,7,category|coaUrl|estimatedProfit|labelTemplateUrl|mockupUrl|msrp|supplementFactsText,
ROC224,5lb Whey Protein Vanilla – 70 servings,true,false,false,true,true,false,false,false,7,category|coaUrl|estimatedProfit|labelTemplateUrl|mockupUrl|msrp|supplementFactsText,
ROC2241N,2lb Whey Armor Natural Protein Vanilla w/Stevia & Natural Flavor Non-GMO,true,false,false,true,true,false,false,false,7,category|coaUrl|estimatedProfit|labelTemplateUrl|mockupUrl|msrp|supplementFactsText,
ROC2251,Berberine Plus,true,false,false,true,true,false,false,false,7,category|coaUrl|estimatedProfit|labelTemplateUrl|mockupUrl|msrp|supplementFactsText,
ROC2272,2lb Whey Cinnamon Swirl – 28 servings,true,false,false,true,true,false,false,false,7,category|coaUrl|estimatedProfit|labelTemplateUrl|mockupUrl|msrp|supplementFactsText,
ROC2292,2lb Whey Armor Protein Birthday Cake,true,false,false,true,true,false,false,false,7,category|coaUrl|estimatedProfit|labelTemplateUrl|mockupUrl|msrp|supplementFactsText,
ROC260V,1.5lb Pure Vegan Protein Rich Chocolate,true,false,false,true,true,false,false,false,7,category|coaUrl|estimatedProfit|labelTemplateUrl|mockupUrl|msrp|supplementFactsText,
ROC263V,1.5lb Pure Vegan Protein Vanilla,true,false,false,true,true,false,false,false,7,category|coaUrl|estimatedProfit|labelTemplateUrl|mockupUrl|msrp|supplementFactsText,
ROC281,2lb 100% Whey Isolate Chocolate – 31 serv,true,false,false,true,true,false,false,false,7,category|coaUrl|estimatedProfit|labelTemplateUrl|mockupUrl|msrp|supplementFactsText,
ROC2811,1lb 100% Whey Armor Isolate Protein Chocolate,true,false,false,true,true,false,false,false,7,category|coaUrl|estimatedProfit|labelTemplateUrl|mockupUrl|msrp|supplementFactsText,
ROC282,2lb 100% Whey Isolate Vanilla – 30 servings,true,false,false,true,true,false,false,false,7,category|coaUrl|estimatedProfit|labelTemplateUrl|mockupUrl|msrp|supplementFactsText,
ROC2821,1lb 100% Whey Armor Isolate Protein Vanilla,true,false,false,true,true,false,false,false,7,category|coaUrl|estimatedProfit|labelTemplateUrl|mockupUrl|msrp|supplementFactsText,
ROC2841,1lb Whey Armor Isolate Protein Berry,true,false,false,true,true,false,false,false,7,category|coaUrl|estimatedProfit|labelTemplateUrl|mockupUrl|msrp|supplementFactsText,
ROC2851,1lb Whey Armor Isolate Protein Unflavored,true,false,false,true,true,false,false,false,7,category|coaUrl|estimatedProfit|labelTemplateUrl|mockupUrl|msrp|supplementFactsText,
ROC2861,1lb 100% Whey Armor Isolate Protein Cappuccino,true,false,false,true,true,false,false,false,7,category|coaUrl|estimatedProfit|labelTemplateUrl|mockupUrl|msrp|supplementFactsText,
ROC301,Chlorella Pure – 500mg,true,false,false,true,true,false,false,false,7,category|coaUrl|estimatedProfit|labelTemplateUrl|mockupUrl|msrp|supplementFactsText,
ROC302,Colon Sweep,true,false,false,true,true,false,false,false,7,category|coaUrl|estimatedProfit|labelTemplateUrl|mockupUrl|msrp|supplementFactsText,
ROC303,Digestive Enzyme,true,false,false,true,true,false,false,false,7,category|coaUrl|estimatedProfit|labelTemplateUrl|mockupUrl|msrp|supplementFactsText,
ROC304,Max Detox W/Acai Berry,true,false,false,true,true,false,false,false,7,category|coaUrl|estimatedProfit|labelTemplateUrl|mockupUrl|msrp|supplementFactsText,
ROC401,Female Enhancement Or Boost,true,false,false,true,true,false,false,false,7,category|coaUrl|estimatedProfit|labelTemplateUrl|mockupUrl|msrp|supplementFactsText,
ROC402,Premium Menopause Support w/Wild Yam Extract,true,false,false,true,true,false,false,false,7,category|coaUrl|estimatedProfit|labelTemplateUrl|mockupUrl|msrp|supplementFactsText,
ROC450,Collagen Type 1 & 3 Grass Fed 350g – 35 serv,true,false,false,true,true,false,false,false,7,category|coaUrl|estimatedProfit|labelTemplateUrl|mockupUrl|msrp|supplementFactsText,
ROC501,Horny Goat Weed Blend,true,false,false,true,true,false,false,false,7,category|coaUrl|estimatedProfit|labelTemplateUrl|mockupUrl|msrp|supplementFactsText,
ROC502,Male Enhancement Or Boost,true,false,false,true,true,false,false,false,7,category|coaUrl|estimatedProfit|labelTemplateUrl|mockupUrl|msrp|supplementFactsText,
ROC503,Natural PCT,true,false,false,true,true,false,false,false,7,category|coaUrl|estimatedProfit|labelTemplateUrl|mockupUrl|msrp|supplementFactsText,
ROC504,Prostate Formula,true,false,false,true,true,false,false,false,7,category|coaUrl|estimatedProfit|labelTemplateUrl|mockupUrl|msrp|supplementFactsText,
ROC506,Ultra Test Natural Testosterone Support,true,false,false,true,true,false,false,false,7,category|coaUrl|estimatedProfit|labelTemplateUrl|mockupUrl|msrp|supplementFactsText,
ROC507,Ultra Multivitamin For Men,true,false,false,true,true,false,false,false,7,category|coaUrl|estimatedProfit|labelTemplateUrl|mockupUrl|msrp|supplementFactsText,
ROC507W,Ultra Vita For Women,true,false,false,true,true,false,false,false,7,category|coaUrl|estimatedProfit|labelTemplateUrl|mockupUrl|msrp|supplementFactsText,
ROC508,"Grass Fed Beef Organ Complex – Ancestral Superfood – Desiccated Liver, Heart, Kidney, Pancreas, Spleen",true,false,false,true,true,false,false,false,7,category|coaUrl|estimatedProfit|labelTemplateUrl|mockupUrl|msrp|supplementFactsText,
ROC509,Grass Fed Desiccated Beef Liver Capsules – Pasture Raised,true,false,false,true,true,false,false,false,7,category|coaUrl|estimatedProfit|labelTemplateUrl|mockupUrl|msrp|supplementFactsText,
ROC601,L-Arginine Capsules,true,false,false,true,true,false,false,false,7,category|coaUrl|estimatedProfit|labelTemplateUrl|mockupUrl|msrp|supplementFactsText,
ROC603,BCAA (Fruit Punch),true,false,false,true,true,false,false,false,7,category|coaUrl|estimatedProfit|labelTemplateUrl|mockupUrl|msrp|supplementFactsText,
ROC604,BCAA (Watermelon),true,false,false,true,true,false,false,false,7,category|coaUrl|estimatedProfit|labelTemplateUrl|mockupUrl|msrp|supplementFactsText,
ROC605,Pre-Workout (Fruit Punch),true,false,false,true,true,false,false,false,7,category|coaUrl|estimatedProfit|labelTemplateUrl|mockupUrl|msrp|supplementFactsText,
ROC606,Pre-Workout (Watermelon),true,false,false,true,true,false,false,false,7,category|coaUrl|estimatedProfit|labelTemplateUrl|mockupUrl|msrp|supplementFactsText,
ROC607,Protein Whey 2lb Chocolate,true,false,false,true,true,false,false,false,7,category|coaUrl|estimatedProfit|labelTemplateUrl|mockupUrl|msrp|supplementFactsText,
ROC608,Protein Whey 2lb Vanilla,true,false,false,true,true,false,false,false,7,category|coaUrl|estimatedProfit|labelTemplateUrl|mockupUrl|msrp|supplementFactsText,
ROC609,Creatine Powder 300g,true,false,false,true,true,false,false,false,7,category|coaUrl|estimatedProfit|labelTemplateUrl|mockupUrl|msrp|supplementFactsText,
ROC610,Glutamine Powder 300g,true,false,false,true,true,false,false,false,7,category|coaUrl|estimatedProfit|labelTemplateUrl|mockupUrl|msrp|supplementFactsText,
ROC611,Pre-Workout (Tropical Sunrise),true,false,false,true,true,false,false,false,7,category|coaUrl|estimatedProfit|labelTemplateUrl|mockupUrl|msrp|supplementFactsText,
ROC612,Energized Aminos Raspberry Iced Tea 360g – 40 serv,true,false,false,true,true,false,false,false,7,category|coaUrl|estimatedProfit|labelTemplateUrl|mockupUrl|msrp|supplementFactsText,
ROC613,Energized Aminos Peach Mango 360g – 40 serv,true,false,false,true,true,false,false,false,7,category|coaUrl|estimatedProfit|labelTemplateUrl|mockupUrl|msrp|supplementFactsText,
ROC617,ION + Select Electrolyte Formula,true,false,false,true,true,false,false,false,7,category|coaUrl|estimatedProfit|labelTemplateUrl|mockupUrl|msrp|supplementFactsText,
ROC618,Nature's Espresso Coffee w/Organic Mushroom Complex,true,false,false,true,true,false,false,false,7,category|coaUrl|estimatedProfit|labelTemplateUrl|mockupUrl|msrp|supplementFactsText,
ROC619,Pre-Workout w/Creatine 5g (Grape Annihilation),true,false,false,true,true,false,false,false,7,category|coaUrl|estimatedProfit|labelTemplateUrl|mockupUrl|msrp|supplementFactsText,
ROC620,,false,false,false,false,true,false,false,false,10,category|coaUrl|estimatedProfit|labelTemplateUrl|membershipTierCosts|mockupUrl|msrp|productName|supplementFactsText|wholesaleCost,
ROC621,,false,false,false,false,true,false,false,false,10,category|coaUrl|estimatedProfit|labelTemplateUrl|membershipTierCosts|mockupUrl|msrp|productName|supplementFactsText|wholesaleCost,
ROC622,,false,false,false,false,true,false,false,false,10,category|coaUrl|estimatedProfit|labelTemplateUrl|membershipTierCosts|mockupUrl|msrp|productName|supplementFactsText|wholesaleCost,
ROC623,,false,false,false,false,true,false,false,false,10,category|coaUrl|estimatedProfit|labelTemplateUrl|membershipTierCosts|mockupUrl|msrp|productName|supplementFactsText|wholesaleCost,
ROC714,Vitamin C Serum 2oz,true,false,false,true,true,false,false,false,7,category|coaUrl|estimatedProfit|labelTemplateUrl|mockupUrl|msrp|supplementFactsText,
ROC717,Collagen (Full Spectrum),true,false,false,true,true,false,false,false,7,category|coaUrl|estimatedProfit|labelTemplateUrl|mockupUrl|msrp|supplementFactsText,
ROC720,Premium Mineral Complex 2 fl oz,true,false,false,true,true,false,false,false,7,category|coaUrl|estimatedProfit|labelTemplateUrl|mockupUrl|msrp|supplementFactsText,
ROC721,Glutathione Complex,true,false,false,true,true,false,false,false,7,category|coaUrl|estimatedProfit|labelTemplateUrl|mockupUrl|msrp|supplementFactsText,
ROC723,Liquid D3 Ultra 0.43 fl oz,true,false,false,true,true,false,false,false,7,category|coaUrl|estimatedProfit|labelTemplateUrl|mockupUrl|msrp|supplementFactsText,
ROC725,NAC Plus,true,false,false,true,true,false,false,false,7,category|coaUrl|estimatedProfit|labelTemplateUrl|mockupUrl|msrp|supplementFactsText,
ROC727,Betaine HCL Plus,true,false,false,true,true,false,false,false,7,category|coaUrl|estimatedProfit|labelTemplateUrl|mockupUrl|msrp|supplementFactsText,
ROC728,HCL Activator Plus,true,false,false,true,true,false,false,false,7,category|coaUrl|estimatedProfit|labelTemplateUrl|mockupUrl|msrp|supplementFactsText,
ROC729,Vitamin B Complex,true,false,false,true,true,false,false,false,7,category|coaUrl|estimatedProfit|labelTemplateUrl|mockupUrl|msrp|supplementFactsText,
ROC730,Plant-Source Vitamin C,true,false,false,true,true,false,false,false,7,category|coaUrl|estimatedProfit|labelTemplateUrl|mockupUrl|msrp|supplementFactsText,
ROC731,Fermented Vitamin B Complex 8 fl oz,true,false,false,true,true,false,false,false,7,category|coaUrl|estimatedProfit|labelTemplateUrl|mockupUrl|msrp|supplementFactsText,
ROC732,Fermented Vitamin B Complex 2 fl oz,true,false,false,true,true,false,false,false,7,category|coaUrl|estimatedProfit|labelTemplateUrl|mockupUrl|msrp|supplementFactsText,
ROC733,Fermented Melatonin 2 fl oz,true,false,false,true,true,false,false,false,7,category|coaUrl|estimatedProfit|labelTemplateUrl|mockupUrl|msrp|supplementFactsText,
ROC734,Fermented Gallbladder Support 8 fl oz,true,false,false,true,true,false,false,false,7,category|coaUrl|estimatedProfit|labelTemplateUrl|mockupUrl|msrp|supplementFactsText,
ROC735,Bone Health Plus,true,false,false,true,true,false,false,false,7,category|coaUrl|estimatedProfit|labelTemplateUrl|mockupUrl|msrp|supplementFactsText,
ROC736,Adrenal Support Plus,true,false,false,true,true,false,false,false,7,category|coaUrl|estimatedProfit|labelTemplateUrl|mockupUrl|msrp|supplementFactsText,
ROC738,Gallbladder Support Plus,true,false,false,true,true,false,false,false,7,category|coaUrl|estimatedProfit|labelTemplateUrl|mockupUrl|msrp|supplementFactsText,
ROC739,Pancreas Support Plus,true,false,false,true,true,false,false,false,7,category|coaUrl|estimatedProfit|labelTemplateUrl|mockupUrl|msrp|supplementFactsText,
ROC740,Advanced Thyroid & Hormone Support,true,false,false,true,true,false,false,false,7,category|coaUrl|estimatedProfit|labelTemplateUrl|mockupUrl|msrp|supplementFactsText,
ROC741,Thyroid Support Plus,true,false,false,true,true,false,false,false,7,category|coaUrl|estimatedProfit|labelTemplateUrl|mockupUrl|msrp|supplementFactsText,
ROC743,Bentonite Clay Detox Plus,true,false,false,true,true,false,false,false,7,category|coaUrl|estimatedProfit|labelTemplateUrl|mockupUrl|msrp|supplementFactsText,
ROC744,Premium Volcanic Pink Salt 12 oz,true,false,false,true,true,false,false,false,7,category|coaUrl|estimatedProfit|labelTemplateUrl|mockupUrl|msrp|supplementFactsText,
ROC745,Premium Testosterone w/ Testofen®,true,false,false,true,true,false,false,false,7,category|coaUrl|estimatedProfit|labelTemplateUrl|mockupUrl|msrp|supplementFactsText,
ROC801,Anxiety Formula,true,false,false,true,true,false,false,false,7,category|coaUrl|estimatedProfit|labelTemplateUrl|mockupUrl|msrp|supplementFactsText,
ROC802,B-12 Drops 2oz,true,false,false,true,true,false,false,false,7,category|coaUrl|estimatedProfit|labelTemplateUrl|mockupUrl|msrp|supplementFactsText,
ROC803,Blood Sugar Ultra,true,false,false,true,true,false,false,false,7,category|coaUrl|estimatedProfit|labelTemplateUrl|mockupUrl|msrp|supplementFactsText,
ROC805,CoQ10 (Ubiquinone),true,false,false,true,true,false,false,false,7,category|coaUrl|estimatedProfit|labelTemplateUrl|mockupUrl|msrp|supplementFactsText,
ROC808,Joint Flex,true,false,false,true,true,false,false,false,7,category|coaUrl|estimatedProfit|labelTemplateUrl|mockupUrl|msrp|supplementFactsText,
ROC812,Neuro Plus Brain and Focus,true,false,false,true,true,false,false,false,7,category|coaUrl|estimatedProfit|labelTemplateUrl|mockupUrl|msrp|supplementFactsText,
ROC814,Omega 3 Fish Oil,true,false,false,true,true,false,false,false,7,category|coaUrl|estimatedProfit|labelTemplateUrl|mockupUrl|msrp|supplementFactsText,
ROC816,Probiotic - 40 Billion CFU,true,false,false,true,true,false,false,false,7,category|coaUrl|estimatedProfit|labelTemplateUrl|mockupUrl|msrp|supplementFactsText,
ROC817,Sleep Formula,true,false,false,true,true,false,false,false,7,category|coaUrl|estimatedProfit|labelTemplateUrl|mockupUrl|msrp|supplementFactsText,
ROC818,Turmeric w/BioPerine - 650mg,true,false,false,true,true,false,false,false,7,category|coaUrl|estimatedProfit|labelTemplateUrl|mockupUrl|msrp|supplementFactsText,
ROC822,Ashwagandha,true,false,false,true,true,false,false,false,7,category|coaUrl|estimatedProfit|labelTemplateUrl|mockupUrl|msrp|supplementFactsText,
ROC823,Turmeric w/Ginger,true,false,false,true,true,false,false,false,7,category|coaUrl|estimatedProfit|labelTemplateUrl|mockupUrl|msrp|supplementFactsText,
ROC824,Magnesium Glycinate,true,false,false,true,true,false,false,false,7,category|coaUrl|estimatedProfit|labelTemplateUrl|mockupUrl|msrp|supplementFactsText,
ROC826,5-HTP,true,false,false,true,true,false,false,false,7,category|coaUrl|estimatedProfit|labelTemplateUrl|mockupUrl|msrp|supplementFactsText,
ROC830,Platinum Turmeric Joint Support Plus,true,false,false,true,true,false,false,false,7,category|coaUrl|estimatedProfit|labelTemplateUrl|mockupUrl|msrp|supplementFactsText,
ROC831,Vitamin K2 + D3,true,false,false,true,true,false,false,false,7,category|coaUrl|estimatedProfit|labelTemplateUrl|mockupUrl|msrp|supplementFactsText,
ROC835,Sea Moss Capsules,true,false,false,true,true,false,false,false,7,category|coaUrl|estimatedProfit|labelTemplateUrl|mockupUrl|msrp|supplementFactsText,
ROC840,Ultra NAD+ Support Formula,true,false,false,false,true,false,false,false,9,category|coaUrl|estimatedProfit|labelTemplateUrl|membershipTierCosts|mockupUrl|msrp|supplementFactsText|wholesaleCost,
ROC841,Ultra-Premium NMN Infinity+,true,false,false,false,true,false,false,false,9,category|coaUrl|estimatedProfit|labelTemplateUrl|membershipTierCosts|mockupUrl|msrp|supplementFactsText|wholesaleCost,
ROC903M,Energy Pre-Workout Lemonade 214g – 30 serv,true,false,false,true,true,false,false,false,7,category|coaUrl|estimatedProfit|labelTemplateUrl|mockupUrl|msrp|supplementFactsText,
ROC908,,false,false,false,false,true,false,false,false,10,category|coaUrl|estimatedProfit|labelTemplateUrl|membershipTierCosts|mockupUrl|msrp|productName|supplementFactsText|wholesaleCost,
ROC910,,false,false,false,false,true,false,false,false,10,category|coaUrl|estimatedProfit|labelTemplateUrl|membershipTierCosts|mockupUrl|msrp|productName|supplementFactsText|wholesaleCost,
ROC911,,false,false,false,false,true,false,false,false,10,category|coaUrl|estimatedProfit|labelTemplateUrl|membershipTierCosts|mockupUrl|msrp|productName|supplementFactsText|wholesaleCost,
ROC914,Organic Beetroot,true,false,false,true,true,false,false,false,7,category|coaUrl|estimatedProfit|labelTemplateUrl|mockupUrl|msrp|supplementFactsText,
ROC915,"Mushroom Immune Booster Chaga, Cordyceps, Reishi and Lion’s Mane.",true,false,false,true,true,false,false,false,7,category|coaUrl|estimatedProfit|labelTemplateUrl|mockupUrl|msrp|supplementFactsText,
ROC918,Multivitamin Gummies (Adults),true,false,false,true,true,false,false,false,7,category|coaUrl|estimatedProfit|labelTemplateUrl|mockupUrl|msrp|supplementFactsText,
ROC919,Skin Glow Gummies w/ Biotin + C + E,true,false,false,true,true,false,false,false,7,category|coaUrl|estimatedProfit|labelTemplateUrl|mockupUrl|msrp|supplementFactsText,
ROC920,Sleep Well Gummies,true,false,false,true,true,false,false,false,7,category|coaUrl|estimatedProfit|labelTemplateUrl|mockupUrl|msrp|supplementFactsText,
ROC921,,false,false,false,false,false,false,false,false,12,category|coaUrl|estimatedProfit|inventoryStatus|labelTemplateUrl|membershipTierCosts|mockupUrl|msrp|productName|rawInventoryValue|supplementFactsText|wholesaleCost,
ROC922,Omega 3 Gummies,true,false,false,true,true,false,false,false,7,category|coaUrl|estimatedProfit|labelTemplateUrl|mockupUrl|msrp|supplementFactsText,
ROC923,Joint Care Gummies,true,false,false,true,true,false,false,false,7,category|coaUrl|estimatedProfit|labelTemplateUrl|mockupUrl|msrp|supplementFactsText,
ROC924,Collagen Gummies,true,false,false,true,true,false,false,false,7,category|coaUrl|estimatedProfit|labelTemplateUrl|mockupUrl|msrp|supplementFactsText,
ROC925,Hair Vitamin Gummies,true,false,false,true,true,false,false,false,7,category|coaUrl|estimatedProfit|labelTemplateUrl|mockupUrl|msrp|supplementFactsText,
ROC927,Resveratrol,true,false,false,true,true,false,false,false,7,category|coaUrl|estimatedProfit|labelTemplateUrl|mockupUrl|msrp|supplementFactsText,
ROC928,Turmeric Gummies,true,false,false,true,true,false,false,false,7,category|coaUrl|estimatedProfit|labelTemplateUrl|mockupUrl|msrp|supplementFactsText,
ROC929,Ashwagandha Gummies,true,false,false,true,true,false,false,false,7,category|coaUrl|estimatedProfit|labelTemplateUrl|mockupUrl|msrp|supplementFactsText,
ROC930,Apple Cider Vinegar Gummies,true,false,false,true,true,false,false,false,7,category|coaUrl|estimatedProfit|labelTemplateUrl|mockupUrl|msrp|supplementFactsText,
ROC934,MCT Oil,true,false,false,true,true,false,false,false,7,category|coaUrl|estimatedProfit|labelTemplateUrl|mockupUrl|msrp|supplementFactsText,
ROC937,Organic Super Greens - Watermelon,true,false,false,true,true,false,false,false,7,category|coaUrl|estimatedProfit|labelTemplateUrl|mockupUrl|msrp|supplementFactsText,
ROC939,Elderberry Immunity W/ Zinc & Vitamin C,true,false,false,true,true,false,false,false,7,category|coaUrl|estimatedProfit|labelTemplateUrl|mockupUrl|msrp|supplementFactsText,
ROC941,,false,false,false,false,true,false,false,false,10,category|coaUrl|estimatedProfit|labelTemplateUrl|membershipTierCosts|mockupUrl|msrp|productName|supplementFactsText|wholesaleCost,
ROC943,Super Creatine Gummies 1000mg,true,false,false,true,true,false,false,false,7,category|coaUrl|estimatedProfit|labelTemplateUrl|mockupUrl|msrp|supplementFactsText,
ROC944,Super Fruit Gummies w/Essential Vitamins,true,false,false,true,true,false,false,false,7,category|coaUrl|estimatedProfit|labelTemplateUrl|mockupUrl|msrp|supplementFactsText,
ROC945,Premium Shilajit Gummies w/Ashwagandha,true,false,false,true,true,false,false,false,7,category|coaUrl|estimatedProfit|labelTemplateUrl|mockupUrl|msrp|supplementFactsText,
ROC946,Premium Mushroom Complex Gummies,true,false,false,true,true,false,false,false,7,category|coaUrl|estimatedProfit|labelTemplateUrl|mockupUrl|msrp|supplementFactsText,
ROC947,Premium Women's Hormonal Support Gummies,true,false,false,true,true,false,false,false,7,category|coaUrl|estimatedProfit|labelTemplateUrl|mockupUrl|msrp|supplementFactsText,
ROC948,Premium Nitric Oxide Gummies,true,false,false,true,true,false,false,false,7,category|coaUrl|estimatedProfit|labelTemplateUrl|mockupUrl|msrp|supplementFactsText,
ROC949,Premium Magnesium Glycinate Gummies,true,false,false,true,true,false,false,false,7,category|coaUrl|estimatedProfit|labelTemplateUrl|mockupUrl|msrp|supplementFactsText,
ROC980,Brightening Boost Exfoliator Pads,true,false,false,true,true,false,false,false,7,category|coaUrl|estimatedProfit|labelTemplateUrl|mockupUrl|msrp|supplementFactsText,
ROC981,"Vitamin C, B, E + Ferulic Antioxidant Serum, USA Made",true,false,false,true,true,false,false,false,7,category|coaUrl|estimatedProfit|labelTemplateUrl|mockupUrl|msrp|supplementFactsText,
ROC982,"Firming Cucumber Eye Cream w/Bakuchiol, USA Made, Clean & Vegan",true,false,false,true,true,false,false,false,7,category|coaUrl|estimatedProfit|labelTemplateUrl|mockupUrl|msrp|supplementFactsText,
ROC983,"Red Tea Moisturizing + Antioxidant Serum w/Hyaluronic Acid, USA Made",true,false,false,true,true,false,false,false,7,category|coaUrl|estimatedProfit|labelTemplateUrl|mockupUrl|msrp|supplementFactsText,
ROC984,"Anti-Aging Recovery Retinoid Serum w/Vitamin E, USA Made, Clean & Vegan",true,false,false,true,true,false,false,false,7,category|coaUrl|estimatedProfit|labelTemplateUrl|mockupUrl|msrp|supplementFactsText,
ROC985,"Poly Peptide Serum (Peptide Complex), USA Made, Clean & Vegan",true,false,false,true,true,false,false,false,7,category|coaUrl|estimatedProfit|labelTemplateUrl|mockupUrl|msrp|supplementFactsText,
ROC986,"Advanced Multi Peptide Cream (Peptide Complex), USA Made, Clean & Vegan",true,false,false,true,true,false,false,false,7,category|coaUrl|estimatedProfit|labelTemplateUrl|mockupUrl|msrp|supplementFactsText,
ROC987,"Skin Brightening Boost Serum w/Nonapeptide-1, USA Made, Clean & Vegan",true,false,false,true,true,false,false,false,7,category|coaUrl|estimatedProfit|labelTemplateUrl|mockupUrl|msrp|supplementFactsText,
ROC988,"Face Exfoliator & Cleanser w/Honey & Bambusa Arundinacea Stem Extract, USA Made, Clean",true,false,false,true,true,false,false,false,7,category|coaUrl|estimatedProfit|labelTemplateUrl|mockupUrl|msrp|supplementFactsText,
UNDEFINED,,false,false,false,false,true,false,false,false,10,category|coaUrl|estimatedProfit|labelTemplateUrl|membershipTierCosts|mockupUrl|msrp|productName|supplementFactsText|wholesaleCost,
